{
  "spatial": {
    "label_to_field_offset": {
      "mean": 85.0,
      "std": 12.0,
      "median": 85.0,
      "percentile_25": 75.0,
      "percentile_75": 95.0,
      "note": "Default values - will be refined with label extraction"
    },
    "vertical_alignment": {
      "mean": -2.0,
      "std": 3.0,
      "note": "Fields typically align slightly above label baseline"
    },
    "margin_threshold": 20.834999084472656,
    "field_spacing": {
      "vertical": 6.832122802734375,
      "horizontal": 10.0
    }
  },
  "sizing": {
    "text": {
      "width": {
        "min": 11.314994812011719,
        "max": 552.75,
        "mean": 128.7380684319778,
        "median": 95.25,
        "std": 89.72161932045917,
        "percentile_25": 87.0,
        "percentile_75": 141.3300018310547
      },
      "height": {
        "min": 9.0,
        "max": 171.75,
        "mean": 17.905924159988217,
        "median": 18.0,
        "std": 11.779123554203993,
        "percentile_25": 12.75,
        "percentile_75": 18.0
      },
      "aspect_ratio": {
        "min": 0.4892855499337575,
        "max": 49.13333333333333,
        "mean": 7.622315656486528,
        "median": 6.444444444444445,
        "std": 4.523172163325971
      },
      "sample_count": 988
    },
    "checkbox": {
      "width": {
        "min": 8.879989624023438,
        "max": 15.0,
        "mean": 14.140847719632662,
        "median": 15.0,
        "std": 1.9064272309424626,
        "percentile_25": 15.0,
        "percentile_75": 15.0
      },
      "height": {
        "min": 6.43402099609375,
        "max": 15.0,
        "mean": 14.052196243769442,
        "median": 15.0,
        "std": 2.1839623494856735,
        "percentile_25": 15.0,
        "percentile_75": 15.0
      },
      "aspect_ratio": {
        "min": 0.9382853492635886,
        "max": 1.625266802637196,
        "mean": 1.0135099215360277,
        "median": 1.0,
        "std": 0.07022174439349456
      },
      "sample_count": 221
    },
    "signature": {
      "width": {
        "min": 101.25,
        "max": 300.0,
        "mean": 208.12499936421713,
        "median": 224.99999618530273,
        "std": 58.938659668695664,
        "percentile_25": 174.75,
        "percentile_75": 231.0
      },
      "height": {
        "min": 15.50250244140625,
        "max": 36.0,
        "mean": 26.771250406901043,
        "median": 26.625,
        "std": 6.995203616905558,
        "percentile_25": 22.875,
        "percentile_75": 33.75
      },
      "aspect_ratio": {
        "min": 4.21875,
        "max": 14.513785812994847,
        "mean": 8.331375395712053,
        "median": 7.493659420289855,
        "std": 3.400545887299896
      },
      "sample_count": 12
    },
    "radio": {
      "width": {
        "min": 10.0,
        "max": 15.0,
        "mean": 11.6,
        "median": 10.0,
        "std": 2.3323807579381204,
        "percentile_25": 10.0,
        "percentile_75": 15.0
      },
      "height": {
        "min": 10.0,
        "max": 15.0,
        "mean": 11.6,
        "median": 10.0,
        "std": 2.3323807579381204,
        "percentile_25": 10.0,
        "percentile_75": 15.0
      },
      "aspect_ratio": {
        "min": 1.0,
        "max": 1.0,
        "mean": 1.0,
        "median": 1.0,
        "std": 0.0
      },
      "sample_count": 25
    },
    "combobox": {
      "width": {
        "min": 86.32400512695312,
        "max": 86.32400512695312,
        "mean": 86.32400512695312,
        "median": 86.32400512695312,
        "std": 0.0,
        "percentile_25": 86.32400512695312,
        "percentile_75": 86.32400512695312
      },
      "height": {
        "min": 19.842041015625,
        "max": 19.842041015625,
        "mean": 19.842041015625,
        "median": 19.842041015625,
        "std": 0.0,
        "percentile_25": 19.842041015625,
        "percentile_75": 19.842041015625
      },
      "aspect_ratio": {
        "min": 4.35056076433748,
        "max": 4.35056076433748,
        "mean": 4.35056076433748,
        "median": 4.35056076433748,
        "std": 0.0
      },
      "sample_count": 1
    }
  },
  "context": {
    "label_indicators": {
      "ends_with_colon": 0.94,
      "proximity_threshold": 50,
      "note": "Labels typically end with ':' and are within 50px of field"
    },
    "visual_indicators": {
      "has_underscore": 0.87,
      "has_box": 0.92,
      "note": "Visual elements indicate field locations"
    },
    "false_positive_indicators": {
      "in_margin": 0.02,
      "too_small": 0.01,
      "is_table_border": 0.0,
      "min_size_threshold": 10
    },
    "naming_patterns": {
      "common_prefixes": {
        "form1[0].BodyPage2[0].sb": 63,
        "form1[0].BodyPage1[0].sb": 44,
        "undefined": 6,
        "Cost": 2,
        "header": 2,
        "for  specify": 1,
        "Substitution specify": 1,
        "trial": 1,
        "docket": 1
      },
      "common_suffixes": {
        "CourtDeptSite[0].DeptRBSub[0].DeptRB[0]": 5,
        "name[0]": 4,
        "currentAddr[0]": 4,
        "from[0]": 4,
        "livesWith[0]": 4,
        "relToChild[0]": 4,
        "prevAddr[0]": 4,
        "ChildB[0]": 4,
        "apptPer[0]": 4,
        "2": 4
      },
      "total_unique_names": 863
    },
    "confidence_weights": {
      "has_nearby_label": 0.94,
      "has_visual_indicator": 0.87,
      "size_valid": 0.8,
      "not_in_margin": 0.7,
      "is_table_border": -0.78,
      "too_small": -0.65
    }
  },